trader,win_rate,avg_trade_size,total_trade_volume,total_trade_number,frequency,net_gains_loss,avg_odds
0x18d7b544543afCe04C17EE133bFcae703872e02B,0.7724550898203593,50.6131504730539,8452.396129,167,2.5303030303030303,193.84550169234868,0.6448842111406546
0xd9Fb2ecC4926efe32a4B0232e9c15bdd4dDF74F3,0.5326797385620915,23.768552901960785,14546.354376,612,10.551724137931034,-870.3655449313214,0.5629246109832473
0xCA15832b58674FC4e9D7E87bff859c4B94629b50,0.7898146534193249,8.306900895648132,285940.14263,34422,77.87782805429865,21836.206702466658,0.5437999445816335
0xC6AdF660e35CA4103559Aa9B100217C305eD5f3C,0.4983780978331387,31.292323938393668,1205849.702966,38535,1070.4166666666667,9253.80835156159,0.6036773315125229
0x34aD179cfa8f15E383F9D2695Ca565155c1a06bB,0.15172413793103448,3.103978779310345,450.076923,145,12.083333333333334,9.732774359270152,0.6960342633210126
0x476c1E85d5798B6d6E28DEA0B34306017EadcE52,0.5442006269592476,14.686610078996866,23425.143076,1595,39.875,439.51533019002073,0.4130588257013673
0xa8ae485700Ea62a13CC588a86ca0b5FDf39cae4D,0.4586436691493532,0.975246495491964,2487.85381,2551,46.38181818181818,-36.64062142435049,0.6979647756984119
0x25DcF4635fE93082E0849FbbF81c95680cf5E33B,0.4492229367631297,119.86187996342444,894649.072047,7464,49.43046357615894,-58947.911106284104,0.5009892006379797
0x68e47e70FE76355ED01d8721c488E862612600Bd,0.5853658536585366,110.03817912466124,40604.088097,369,30.75,61.61647950249107,0.5188175156067053
0xcE161dEa801b42651c6F286A2331DfE42642749F,0.42792976725193954,15.56235723029808,38112.212857,2449,244.9,-2136.211235816429,0.5392973259516374
0x684d4A39FA7C3D1C70125f5762d8e185b31204cF,0.46200607902735563,43.69902650455927,14376.97972,329,1.4557522123893805,15.720053080000046,0.4049665653495441
0x21557c53509DaaD09ccfdBcE96852997c179e073,0.5205479452054794,7.424165221135029,3793.748428,511,3.4066666666666667,169.69792352580686,0.4913269396583509
0x9A6534bDaC552E7B9c8cca5f3B6A2060ff0a8d8f,0.5424836601307189,167.1746606993464,25577.723087,153,5.884615384615385,815.2180664800003,0.35229062901806324
0xA28DB13092562b77c26B7a4848248Fe0a4D05DAF,0.06741573033707865,1.6499886460674156,293.697979,178,0.37160751565762007,3.231509340526998,0.5774530691348176
0x0e84796655086fdAf6D5621d9D7BF37ccf5BD31c,0.6891495601173021,999.550420914956,340846.693532,341,6.959183673469388,2592.842915390998,0.5002327493408264
0xc4592f60ca12322212e59963d98a0FDEe8317b3f,0.48175182481751827,534.5079490474452,146455.178039,274,6.85,-22601.957527212904,0.5602922633676228
0x617eb137C5f1A445d9a15ef1aC7A75D61BA28Cb2,0.5495049504950495,10.909282425742573,2203.67505,202,11.882352941176471,-153.21111390059966,0.5461525198095794
0x5dd2ADa52e799Bb9e7c5dfeb5cEAF77886A00148,0.08875739644970414,13.624689207100593,2302.5724760000003,169,0.35429769392033544,0.8185180024282156,0.6676211377772026
0x70E54a17B5f42145eE44a1cd3281E8784d90B0d3,0.6622807017543859,21.39936134649123,4879.054387,228,76.0,189.30330228169072,0.1888486010931266
0x397F1eF6b28194fE1EbdC58ee055D97f68b0d7B5,0.6057692307692307,14.43814848076923,3003.134884,208,29.714285714285715,26.519274514123698,0.4830218967134586
0xae2a99372aEee85b18c178e254C5eaBD29ae8D47,0.6124031007751938,980.8546660232558,126530.251917,129,11.727272727272727,15073.24035209064,0.48711202876604287
0x9EF582748baF671EE716075658b870AE747c5D4F,0.45417992963645504,786.5471929628079,4694900.194795,5969,40.33108108108108,-17490.24853886464,0.45937839844677175
0xf5ccB0827bc55ae619c26FF25E704D0cC6640540,0.5819809736989368,114.66083547733632,409797.825996,3574,6.462929475587703,2492.180276132938,0.49102653375549404
0x9056F14E68222f0c3ADF9E1E7bB6273194A70EE9,0.014492753623188406,18.50944579710145,2554.30352,138,3.2093023255813953,98.50546976829278,0.5426632768729416
0xC15ee2976ff748e32f0411Bed82bC69AC995a064,0.5723684210526315,73.377347,11153.356744,152,6.08,-90.6178478187585,0.690123246035188
0x297E42aA0d61E8962977B693486331d4bc1F59B5,0.6754658385093167,10.628321096273293,6844.638786,644,6.851063829787234,354.51689572375636,0.5010133032587979
0x6FF353E318fbD37CB644A9613a8DC67B4e1E1eb8,0.42857142857142855,31.886916268907562,3794.543036,119,0.29528535980148884,16.48185822352585,0.31205879259290953
0x850fcA61a92FCa111615159e187F1A48C896Aad6,0.5202702702702703,233.52015435135135,34560.982844,148,0.34988179669030733,34.93287151603232,0.6060809965834097
0xAEc11b8c4AB71b77a7637610717A6551783dcE11,0.7219251336898396,35.496405390374335,6637.827808,187,3.74,128.35604397268634,0.6562837689018761
0x59D6c081a3f9F35b7563a9EBfFFB3119dc590704,0.8098471986417657,19.768773074702885,11643.807341,589,2.5608695652173914,3203.554290926047,0.2553136474050991
0x13961756633256911A6832eA7851CD87Ef717a82,0.06377551020408163,4.423431634353742,5201.955602,1176,21.0,-106.08424068176778,0.5444944136849568
0x2Ab06e571158cAF724f6489b9Ce2CcfeF56eF2d7,0.6019184652278178,17.531475820143886,7310.625417,417,52.125,827.0748831594566,0.4886308926193386
0x186e53be243B9C81f7B51C934B5d1e53bDb977A0,0.7155172413793104,6.148806387931034,713.261541,116,5.8,84.0025437234217,0.4713857783013397
0x8840b6659eFdD2D2159d2d076d067833ba7eC464,0.5209580838323353,32.07953740419162,10714.565493,334,0.8675324675324675,661.2291365811546,0.46849812456658824
0x769c6684c03357F2BB1d07452037085AEc856479,0.6358974358974359,49.34457698461538,9622.192512,195,1.989795918367347,-1137.120272028598,0.4046375277638486
0x68F7a83Ba720f5E9DD882e521a473064f549C0b7,0.5391304347826087,5.986389556521739,688.434799,115,0.33045977011494254,143.355299,0.34452173888000004
0xFa86aeAf936E05045936EcE5cd6067fc7D18fcA7,0.3950617283950617,65.16453529012345,10556.654717,162,0.44141689373297005,-12.862748883717064,0.5091225531564372
0x851EBE7c78984d7220Bad8ae47C7632E9B0ec222,0.40869565217391307,90.15930246086955,10368.319782999999,115,0.3133514986376022,221.427902244519,0.5441940404881286
0x99e6c9b53c274060817D9Dd4a44a8650B59070fF,0.47586206896551725,18.01780096551724,2612.58114,145,0.3918918918918919,199.70508278149137,0.542039504446586
0xB223771f6E1fCE651646D55b02fC516972A6cb07,0.6175438596491228,46.44272032631579,13236.175293,285,12.954545454545455,-724.0769333056749,0.5779322483357406
0x7253C03B80Da18072dEABf0E3d6Fa5DFaDB3505A,0.6511194029850746,36.12833868470149,19364.789535,536,5.6421052631578945,3797.3164736921963,0.31269906659274177
0x06Dd9ba59e1FE7F09DC4D1d17D33EC361E34Af8B,0.4989293361884368,38.56992859100643,18012.156652,467,5.4941176470588236,239.91160664457965,0.4838635436599532
0x27D1a641eE3a34636b4C445446a0D970AD7DDD72,0.3641304347826087,30.000106423913042,5520.019582,184,0.46,-4.907903679918648,0.5075159884750561
0x98df53e92FE46FcF8313212f97E0BdcA9bFb0315,0.1523809523809524,15.967150142857143,1676.550765,105,0.2777777777777778,1122.1456754751996,0.5049801240634544
0x9919Ccea9d728d5dE7318e59ABeF8faaFE21D378,0.6541666666666667,3.8513187583333335,924.316502,240,3.3333333333333335,97.01278468348222,0.4223316993953455
0x93E67EbC106CA0023ECB14Caf23A5c0e1bD4798F,0.7475728155339806,62.51308271359223,12877.695039,206,18.727272727272727,128.81924274250906,0.18879911608146893
0x7E649FADC66AF46f8633C3f5F99d96Fd59717308,0.5216763005780347,58.78407735260116,40678.581528,692,3.9318181818181817,-1697.0676016062594,0.41987226412425505
0x6522A1Bac1aef6FCD9CbC8f8801e1aB21F7C9A2d,0.6391752577319587,4.954991984536083,961.268445,194,2.042105263157895,77.94595610876003,0.48607568119572236
0x88544e803d405EcC2743978803c2d2Fa7049180f,0.48484848484848486,256.9493809469697,33917.318285,132,0.2732919254658385,33.583671350686274,0.5768332871007469
0x24bC4169bF0878d05F3af35c988dE2418E6Afd48,0.484472049689441,1.314325857142857,211.606463,161,23.0,-20.577429957052814,0.5737686122003332
0x4AB47D48A232C19762f18209DbB58d7b940De073,0.37623762376237624,12.512061166336634,6318.590889,505,4.1735537190082646,-37.82615567823107,0.4582199693205813
0x6372DA9bAFb7B58afC3aD51A94dB36BAacc413bD,0.01652892561983471,21.7405973553719,2630.61228,121,1.0,-13.835449837900898,0.5863883861020281
0x418692d7530bDD1dE3Df9C275A38E32a35Cca2F2,0.6545454545454545,2.4994361909090905,274.937981,110,0.4700854700854701,29.74915836264906,0.4890828600514087
0xBe118A2D14639621A4cA3cd1603FB1bA924F7A9a,0.1391941391941392,164.20346106593405,44827.544871,273,2.2016129032258065,-905.9295151515827,0.5836019283949124
0xf6c345Ce2085784FF4fBC3eB2Da757136AC0849c,1.0,1.04,2.08,2,2.0,2.08,0.013000000000000001
0x23c3FA53f913129Ba2dA181d9b20083cEce7Ad95,0.642578125,31.326781162109373,32078.62391,1024,4.129032258064516,-124.50913646635124,0.5139345524602164
0x2fa68AF2776af66DF61958e6A78f9839be8Da6D4,0.47058823529411764,41.20414670588236,6304.234446,153,17.0,-211.7484601589871,0.5275255852249635
0xe96c3c94BA8B74C1a235FcA49FfB5Dd7f095720A,0.8378378378378378,13.93851987837838,2062.900942,148,24.666666666666668,260.9002020904629,0.2278579848296444
0xf04eA0647Ed574F74678e620B1e5e950e2eC22de,0.5153846153846153,84.6820357,11008.664641,130,0.37790697674418605,1096.546802069154,0.5129127126274312
0x5C6FDf1e31c2a335338eA42e48dA7Ca2db6CF5c1,0.48792270531400966,31.553985753623188,6531.675051,207,0.4726027397260274,135.05222485490384,0.6944977726364895
0xd60F074Fc9a17d9561Bb724D801634243cbbb774,0.3057324840764331,13.438701974522292,2109.87621,157,0.37740384615384615,1.7373328236343435,0.5925001917028784
0x7EC71Bc2c554A7C5508ea36296C95B61bc7d7854,0.3257918552036199,3.9276556651583707,868.011902,221,11.631578947368421,1.2472463145868173,0.6081128654692636
0x53B898c26Baa27Fb3a13F6C70FaA3328A2Bf15aE,0.2889733840304182,10.461692577946767,2751.425148,263,0.6976127320954907,1.881110130628356,0.5954986823908712
0x2B169da4B63f3D51025d308134fA4B189CF688F2,0.2835820895522388,58.99358370149253,7905.140216,134,0.8220858895705522,-31.959644089105026,0.6556905020092182
0xC0E3605C6B4389C182C40027f6dFCB0A67869d21,0.3381742738589212,27.46383779253112,13237.569816,482,0.9359223300970874,-344.53607695500096,0.40354978235226485
0xf58f6eDef8a2a0551BcBEC2a347810F0836C1ad2,0.5885714285714285,13.309288737142857,2329.125529,175,2.3333333333333335,205.59100627243706,0.5207174993897175
0x2EbFF74bAFa9EC483bB8a1659f759533b85404ad,0.6831683168316832,6.62256298019802,2006.636583,303,2.8857142857142857,211.54210822311953,0.445576918329827
0x3Afb924c90eD59dbEe36288a77A9f2DF8Fd78296,0.5674967234600262,2.6834338702490173,2047.460043,763,4.36,266.60616013493853,0.4937785150396196
0xe33855C5b8D3Aef92745C59ADa24052F3b868e2d,0.5373134328358209,71.40299799253732,19136.003462,268,0.575107296137339,-18.42727638898207,0.49565021214908733
0xa0F2Db27A71CA9496b22C69D722301db120a2b7D,0.32231404958677684,51.48147603305785,6229.2586,121,1.5512820512820513,-21.831483838799848,0.6552236859504132
0x90c38b0f24E2EdBC7F9f4429a0a036831CfC7C98,0.2603550295857988,113.43083034319527,19169.810328,169,0.43556701030927836,162.39479515336797,0.6185582255020454
0xDA6Fa635cC561b56b44A6352F932849C4f7651EE,0.4105960264900662,79.30832518543046,23951.114206,302,0.6239669421487604,-2333.994962600723,0.5548476417001661
0x2F4a46EeaeE596CCD9d73F9b66a05a0f3BbD0Cfb,0.44,7.69195003,1538.390006,200,0.4357298474945534,-13.956672739874183,0.6051799779764779
0xbe8fC684398766C500618925dB8Cc5d2c7907f8E,0.4563758389261745,66.09699212751678,9848.451827,149,0.34894613583138173,-18.709250920641967,0.647685799529981
0x1dd9F17B8D8f350aE8C8B8c1Fd400Be3D7DF3861,0.43386243386243384,7.406781306878307,1399.881667,189,0.4126637554585153,-17.697844901879552,0.5908029561298983
0x4881082561dDe2CbEC7237423691fEC04Ab7743f,0.4869418702611626,17.754823170176916,42149.950206,2374,339.14285714285717,-578.9268678732981,0.5058215865562327
0xEAEC547bBFcEC4FB133686856b8b8fB5d2EE97bB,0.6643356643356644,14.630762937062936,2092.1991,143,28.6,139.4516959936555,0.430906874744858
0x60597D6ba61e079DF1095A8e5Bd0068CfD402F6e,0.4967462039045553,78.94789102819958,36394.977764,461,1.5521885521885521,-572.1869640876024,0.4273338220872307
0x17026A05CC103F28b83043bA3b4355f3707c17d7,0.5103359173126615,23.44256614470284,18144.546196,774,1.5087719298245614,13.285234251951278,0.5565928765247659
0x9BBeC9d8AB0AE7c0818D2fBd1fd679f8Ce2dB172,0.46099290780141844,63.259419148936175,8919.5781,141,1.184873949579832,11.244666350000003,0.3830851063829787
0x0Ca48883e10330709cA798C3433b9190C48b190E,0.21495327102803738,81.85925500934579,8758.940286,107,0.2296137339055794,-207.79371113106833,0.6022287425761612
0x1C955f03154C4dcB37DC01F33203cc55a33Fa336,0.43636363636363634,27.12672,7459.848,275,1.1133603238866396,14.888294999999955,0.38286909090909094
0x023Ab179aA70040656E847194002eE080e62Ee31,0.5238095238095238,150.06193095238095,18907.8033,126,0.2709677419354839,976.6142636538808,0.5361428367353066
0xc0107029Fdf737eE322b6a36cc2D4844eca7fD3B,0.4,294.3468874551724,42680.298681,145,1.5425531914893618,-465.3910368759451,0.7030819881688753
0xBb8E6477BCB4d0A79449507C607d36FD228Fb243,0.4586378251973107,953.4157907363344,3261635.420109,3421,10.96474358974359,178856.94361595466,0.5038521026242746
0xf2BBbB1b33C45Fce77871faf27aA69b3a1DB2F52,0.5398230088495575,6.877008849557522,777.102,113,0.3070652173913043,51.838258,0.3910796460176991
0x8384925b67e3D60C1e6F2762B25b9ef10b643dFe,0.5,31.573661212500003,10103.571588,320,0.8443271767810027,10.959558470504,0.5
0x8C26EAa0346E80D98Add3DBd78E240A96570f44B,0.5180722891566265,5.0955691686746984,422.932241,83,6.916666666666667,10.910028179122333,0.5770922593148912
0x913f599891B9eE52bD4A0A864139d88FFA4F1b68,0.5691056910569106,19.857142373983738,2442.428512,123,0.3554913294797688,-41.91105920844911,0.4870869652609016
0x5FC5860973ec29FeB64fcC4fF6A8255AF6586686,0.4913294797687861,45.58675038150289,7886.507816,173,0.9251336898395722,4963.08637982623,0.5038708539838895
0xd324aa06DD8C208B0B965a80D43D3186a74c0696,0.625,199.60534493749998,22355.798633,112,0.2505592841163311,-794.5049579441979,0.54371922220661
0x2F9A14B14961C3F3cCbBcA0B71f7436732C59ffe,0.5264483627204031,4.1720209068010075,1656.2923,397,10.72972972972973,16.796261384517784,0.4615104469380614
0xC857F45B24bc42753d1342AE9BB45A190b789be2,0.4807692307692308,2.3283050192307693,242.143722,104,0.39543726235741444,-0.08705371236750303,0.5202307419400067
0x3e812B5262e1733fA6Ff62B82d2AB35219186096,0.5051546391752577,6.268722474226805,608.06608,97,0.26430517711171664,66.920762002,0.418041237113402
0xC694Bf3ffFbA1B1000cc70f90A2A4a977C402C72,0.6190476190476191,1.9486631428571428,368.297334,189,0.5178082191780822,51.10939022029989,0.49009746086150485
0xf98eA3FfD686EB7E6A1E4D2D615cD614Db096Bd2,0.5137614678899083,57.754934761467894,6295.287889,109,2.2708333333333335,223.04016393176633,0.49636303154688755
0xFB224f70F260107cE50abC3B9911bf01B9eBdDc1,0.4962962962962963,152.44848477777776,41161.09089,270,0.6382978723404256,44.71521447166266,0.60072924352957
0xD501eaf0f72De2198fF4d78c174d68618fDB0703,0.49740932642487046,7.032100823834197,1357.195459,193,0.4232456140350877,1.2679190391688688,0.5779845903221573
0x2e3ad8F58a2F100143590F50f822c1F0493605dA,0.49586776859504134,8.193780487603306,991.4474389999999,121,0.32266666666666666,94.35051912725801,0.35302479333369846
0x3f295CccE2b3801Cb246eC90634fbdD85E81C005,0.3107344632768362,1050.711074322034,185975.860155,177,1.0411764705882354,763.0277894781879,0.677082737293471
0x0783D30b9ebc5D83b73851bDCd84796a5A9e3CE2,0.5949367088607594,80.80025683544304,6383.22029,79,0.7383177570093458,110.14924246863039,0.46132944407039506
0x34BeFD3B914767827d16F30aD95Aec1FF0c00FF8,0.4148148148148148,18.393040459259257,2483.060462,135,1.6666666666666667,-348.4042019792,0.49800000001655054
0x5Ca2E8760F2a76cfB2B038E3628254a55bD9fD85,0.4956521739130435,2.2068863304347826,253.791928,115,0.38205980066445183,-3.973008748442533,0.4856522611126202
0x5163FCc2c139D44f23E4102266293176E3050236,0.7581699346405228,14.846983464052288,2271.58847,153,51.0,235.16533014429868,0.5517748829252223
0x0E572516CBdEfC1e7A29B9e315b50e9D4E3DC841,0.49586776859504134,3.014858644628099,364.797896,121,0.3457142857142857,20.965655145584908,0.3478669914560305
0xc56b59230001fC3a1985807325d6f3661f273561,0.47904191616766467,129.67110637125748,21655.074764,167,0.3599137931034483,-128.99182572599204,0.5063892203667042
0x7f2691a9Bc63E6653481560AA3c528397fCE9179,0.4880952380952381,22.99910663095238,3863.849914,168,0.6774193548387096,-219.8098133521807,0.45779585965996245
0x01461D78a4DEe4050C9B6B6457BF4cDD86a85dDE,0.5850234009360374,100.12118479251171,64177.679452000004,641,49.30769230769231,-320.8798623420649,0.47296838327877316
0x81161c6a66704D44A612DFe619F702022a0cd945,0.5625,2.6917855625,473.754259,176,17.6,25.955375586399757,0.4922601811086974
0x055192f7a41d81c3ce6F958B9Da179E33334eE04,0.5542168674698795,12.800565389558233,3187.340782,249,1.1971153846153846,89.96815646953779,0.4625568547257497
0x78fe3255FF676131550238430E9FFf10AE353A9c,0.5129032258064516,5.091489261290323,1578.3616710000001,310,44.285714285714285,-36.841745840151454,0.5020790216719659
0xfDC453EE18B921f1eb8011fb9a3eC1Cf63a58143,0.5342465753424658,136.52226575342468,9966.1254,73,1.6590909090909092,9.722888929999959,0.5068904109589041
0x90bC5c3AEBE407e89a7e23747bE1f4A7c5daAFA1,0.39622641509433965,19.857976779874214,3157.4183080000003,159,0.7871287128712872,397.50888929092406,0.28811319875473995
0x57bcBFfc45F673ed3a4b5E56EDA8DbceaEe8d82D,0.6418219461697723,130.15110280952382,62862.982657,483,5.03125,3745.5565608100924,0.46228316743586334
0xc94B4A4526A45Ad40bF69e870f35998da99ad59B,0.3923076923076923,71.87501677692308,9343.752181,130,0.6280193236714976,11.778874977434405,0.3927999959736089
0x1b6Bf5bf0De883B7D18b426a3EdcE3A6B855fff6,0.5895833333333333,6.911926914583334,3317.724919,480,2.807017543859649,233.1371347885353,0.4886375378047697
0x6BDDFdf7Dd7DA3B9930dB6478F5739E86434B83d,0.64,8.475526778181818,2330.769864,275,0.5729166666666666,58.48214148971094,0.27794168576455736
0x3BDaAb04d07cFd640B0a52dCDb9E82BC5B12b66d,0.061946902654867256,402.0791842743363,45434.947823,113,0.36217948717948717,-5723.38361379466,0.6667331599322114
0xb4052aa8C989dA56E013450ce488C1e47bdc53F3,0.34408602150537637,57.91874102150537,5386.442915,93,0.4189189189189189,5.98349398782132,0.4731397799800248
0x462A28D90Db9E476389ECa56fC3A3f3f69A17E34,0.34,8.245383046478873,29271.109815,3550,77.17391304347827,427.4737224741071,0.5458191034876009
0xD572aD6c670470cC1D61F3aA611C20C67a3CA526,0.5458015267175572,180.38252012786262,94520.440547,524,2.0793650793650795,-1290.4185812167104,0.54042706105758
0x6c4F1f756eA18B61E5C902AEb06AE55736649339,0.4574468085106383,90.48662985106382,8505.743206,94,0.21315192743764172,1441.9104276017204,0.5645008122743354
0x9c77b3733550903Df2AE54cbFAFc16b6e0106282,0.6190476190476191,179.47813352380953,26383.285628,147,1.860759493670886,1635.4154310288,0.5252792299419713
0x856B1A216902b0Ba085796e1cF81405C89011e73,0.49114139693356046,1.1360385221465077,6668.546125,5870,5870.0,-418.354529257744,0.493877904145404
0x2f30b72BEFE57e812692087a130F0b410216B487,0.4161849710982659,103.689208716763,35876.466216,346,0.7899543378995434,-1461.022826820398,0.6477254633074866
0x28b2417e73c0eca2436f70277BB40FA0cf959540,0.11570247933884298,54.01131509917355,6535.369127,121,0.9166666666666666,-9.003764502006696,0.6236876667576712
0xb7F4D755a9632Acc36F72d7cc13d993d7673f06c,0.34444444444444444,45.360630462962966,12247.370225,270,1.5254237288135593,-71.71922599553812,0.5399821267533502
0x7Ac9FEe38CafB0b6500deE661416B48aAd3327B3,0.4244604316546763,71.01742205035971,9871.421665,139,0.6205357142857143,12.528573125533509,0.43897121744968165
0x9B4ce1edCc57AB4E8E9CB97402f7E97F3Caf9A45,0.3106796116504854,209.06511866019417,21533.707222,103,0.22991071428571427,68.0661520273432,0.5075727473014031
0x32309c92702C7c9527C63409AAacA2b59f681409,0.36046511627906974,79.80363455813954,13726.225144,172,6.88,-93.6535372229896,0.5440515954323224
0xa37735F09a3Cc7d9A2eD3437aCA7DcF35f176168,0.5087719298245614,259.7518477631579,29611.710645,114,0.2331288343558282,-834.8487980121138,0.6130768324218221
0xBFd827e573b4274012Be0B889cea04e0E5C7968E,0.3806818181818182,63.1917722215909,11121.751911,176,0.41411764705882353,63.0696099071679,0.5276250784447236
0x754653b2c4540FD9972d612A7fde36C9ad5A3A91,0.5686927560366362,193.83012989258953,232789.986001,1201,10.628318584070797,13696.3974547455,0.47360646280526825
0x5F413D7C85869d5CEf8281d8666ef15bF017Da64,0.45081967213114754,508.93943824590167,62090.611466,122,1.4022988505747127,-2218.5830474534628,0.5176721257054699
0x72b8dA481C5cab69928b97Bd995Cb71A2026e9D1,0.5040871934604905,116.17384415803815,42635.800806,367,0.8013100436681223,-167.00923947136522,0.5529649209449656
0x00b780A4B94BbeD345302e457194c3448a552aaD,0.505338078291815,144.16796501067617,40511.198168,281,0.6519721577726219,117.5177901394528,0.5240889500917528
0x60677befB3D8C0749bA624dd666018923B52eE68,0.4305177111716621,45.89970478201634,16845.191655,367,7.645833333333333,586.3383554248667,0.579952773069838
0xf02b05be7ADFd8ae7f5D782a1A16862c87fC90fe,0.6230366492146597,5.580984151832461,2131.935946,382,191.0,379.47867732599883,0.5230458400401319
0x7024221F1Cf1a2a86B489735A33E86409e03e425,0.66,8.814898,881.4898,100,10.0,-10.7073405282876,0.5028887477088282
0x593F4a5A19D0163559f6eC1F68AAb9F7A69450e0,0.46511627906976744,4.109621674418604,706.854928,172,0.4636118598382749,19.900466726572187,0.6135174429553977
0xf31824Ea9a617cf1A8FE85C7e9E9f6BFDe5206d1,0.4392523364485981,439.66123825233643,47043.752493,107,0.24263038548752835,-1291.7545975422267,0.6656915881525692
0xEA20555638B6030d89b8DeD09417804e65ae9356,0.5252525252525253,11.018353737373737,1090.81702,99,0.9339622641509434,46.21080458999999,0.5348585858585858
0xB4AFf110f5a654F02D5E3eE48C7AfDa338D2217D,0.47701149425287354,21.132867637931035,3677.118969,174,0.4887640449438202,-203.6783511085831,0.5189084539673343
0xa2809A3d16024174b40774AC343086B466513343,0.4939088983050847,5.837359297669492,22041.868708,3776,134.85714285714286,1265.7458963327401,0.49237756486616313
0xDBB9778DB8963246785e2B8856dAaa64F7A69675,0.7458563535911602,24.35702308287293,4408.621178,181,5.838709677419355,247.9402837256133,0.36397498771243364
0x0De0a0B41FC376AE860d4331A9D8dfFBe8Fbfc0B,0.48148148148148145,3.926675962962963,424.081004,108,0.29110512129380056,46.14824147728559,0.4786111098715929
0xD8337423dFcB0F54b7b9b0De3E176860A9E9678D,0.46825396825396826,32.59739627777778,4107.271931,126,0.3442622950819672,107.45055188495735,0.5073174512187156
0x3D2AB15a94659Cf532b12c632050b55eFd116236,0.3165829145728643,16.163340663316585,3216.504792,199,0.5089514066496164,440.9715097741939,0.3285638748817624
0xCBB69f363C4dBB410584f3FE7777e0aEdd8bB840,0.4960212201591512,42.267409628647215,15934.81343,377,1.0244565217391304,-728.5413786496671,0.5814747967779617
0xC9a0C9f9fd637D4A98855c0f93FC7CD62190A27c,0.27184466019417475,129.34548586407766,13322.585044,103,0.22008547008547008,-187.57126552506853,0.5974828806219369
0x004cC4f2bcF01435ab7E7c6a39aE920bE69A7052,0.5704960835509139,8.938170524804177,6846.6386219999995,766,25.533333333333335,203.22144429438202,0.5063229362332424
0xFE89E7f41261fdB47996c34812dB7e5a807d0b95,0.6629834254143646,1.900850038674033,344.053857,181,12.066666666666666,43.653774500000004,0.4144751383128154
0x1a8f3E537F5df079CD30773dEecC7603fb6642bC,0.4205607476635514,23.741611757009345,2540.352458,107,0.23516483516483516,56.74345137825739,0.47400933992098815
0xF226A53DCca7C5019830F4b1ACbe1C14Ac736308,0.3864406779661017,49.50337522881356,29206.991385,590,1.4114832535885167,186.0996225059378,0.6410912355333938
0xD5Ec70c7169C4Ad1883E823488c5079Bb675a663,0.041666666666666664,95.91571026190476,16113.839324,168,0.3620689655172414,3.5477020328434703,0.8721845172059743
0xf023090C0Ce1FF8ae6039e68b5EDe8A0462a0eC0,0.29473684210526313,7.710287189473685,732.477283,95,0.16267123287671234,-0.32372986927653197,0.42701050320342765
0x10e0B2f0486935050E26E1aEbB1C91e83EEF9B51,0.5,429.819422373077,111753.049817,260,0.5714285714285714,-2014.5176966335414,0.5118269171801952
0x4EEb32b7059BA951b4C48aBF8862f697Eff691BB,0.5169082125603864,99.70705222222223,20639.35981,207,0.4610244988864143,2.8868126388418123,0.49649275292462963
0xfAA781816fE3cc410DAFC8067746A5f30dC3c253,0.11475409836065574,90.6450305819672,11058.693731,122,0.3193717277486911,5.603301073593551,0.6286708993667705
0x8C192FE35BAd22694be6231e8bAcaf7f0a9f6621,0.13333333333333333,269.18943875555556,48454.098976,180,0.4326923076923077,-1612.113401393596,0.4947709412141129
0xeCd63e2B41A66aCd81500Aa6657B29BC88964afd,0.6609195402298851,122.4120317356322,21299.693522,174,3.2222222222222223,847.1500274121213,0.4430595242778718
0x2656c9c83C247aA8Fa69ac05273a5fF44047C1d4,0.5169029443838604,28.697377486368595,26315.495155,917,458.5,29.52341581153214,0.5406078367527556
0x1381D9BE6389A7D31F8203D820E0383a4C5Aa8Db,0.37790697674418605,143.71606185465114,24719.162639,172,6.88,52.51667213273155,0.8775697512896709
0xdF0b844CAd1776f39cC967E1f65Ec0390d1a2773,0.37777777777777777,18.1466626,2449.799451,135,0.3629032258064516,83.89847698257266,0.5070438778554784
0xAf72f0a6aaA57749a45EFcB0ffeD63e2b44EC1Fa,0.4989816700610998,7.736230057026477,3798.488958,491,40.916666666666664,39.86898080740732,0.5826216123517393
0x60A2eE078a0F7004C521D7f6997fdCd9ebFfDD15,0.4418604651162791,61.556913302325576,10587.789088,172,0.7445887445887446,677.2245037463163,0.5879227149164309
0x527384120e8f94B35D9495AB9a624C2Dd8817ecD,0.5504587155963303,1109.4503030091741,120930.083028,109,5.7368421052631575,14050.439014857877,0.7229633002230443
0xa6a49ffc7E308b683e41f4b32300070725bAA421,0.5,35.67806574657534,10417.995198,292,0.6919431279620853,74.31063017494105,0.5752157492757325
0xa65306A0dF0912A50c1a396c46ef8A4c37b1516a,0.5225225225225225,11.260515315315317,1249.9172,111,18.5,-0.09039192595237705,0.6253908837408837
0x620c572b6E620f18599af0827E9Cb05d314446a2,0.24786324786324787,12.24128669230769,1432.230543,117,0.3482142857142857,0.3611304116953458,0.6122794676795753
0x04584B2c533c541442FfcD3aBdF1d80Bd51d2aCD,0.10526315789473684,112.1011438736842,42598.434671999996,380,0.9476309226932669,1201.27318513832,0.13102469027111746
0x2d9FB2e16E2079ABCEE970CA8c59FB9Fe37ADf9C,0.18571428571428572,87.72856455,12281.999037,140,0.41916167664670656,8.550561184543065,0.5513428347788002
0x9d19cD2d9a6f09c403e9494abda4714220E4AB42,0.20967741935483872,100.09273579838708,12411.499238999999,124,0.38271604938271603,18.149152770400857,0.5963502487151033
0x6F4E4ff942b32A1E81316BFd89C52Bb0491A3EEE,0.4540059347181009,129.26029820771515,43560.720496,337,0.7607223476297968,1940.92712225818,0.6095845681862659
0x3d86403129aE91B68391b243a3bF86d0Bb7518Ea,0.5221518987341772,107.45671621518987,33956.322324,316,0.7331786542923434,297.7247475963147,0.5873639271278089
0xAbd0122665804e0Cb5e7A86C9FE8c982027CD1b7,0.49444444444444446,30.232510844444445,5441.851952,180,0.48517520215633425,2.3813638627469955,0.49466111111173205
0xC7cb82891B72Ca531Df60eBB50bA8B518eda34d4,0.21818181818181817,85.80289241818183,9438.318166000001,110,0.22587268993839835,-715.6038642061061,0.6977748683248848
0xBDb753EEf3DEcfd613c26681A942E072095115B8,0.18110236220472442,141.35652125984254,17952.2782,127,25.4,-6244.09612342358,0.49677215223097115
0x24c26b7a060F0A127445360EFEB411Af03569056,0.4,73.1692638625,11707.082218,160,0.37209302325581395,-301.52155108612794,0.496601681397933
0xeA2193D0a88d4D41563F9e5ecEC6b2Dc265570cF,0.5182481751824818,84.49077922627737,11575.236754,137,0.3672922252010724,12.18397367138564,0.47595348367612156
0x5a00568b3BBD215CA04C942Cd4583f2944BcA4e0,0.4824561403508772,96.66757377192982,11020.10341,114,0.30563002680965146,17.85262828311398,0.5266699752996897
0x9f69dD74CFaCB801cdDDd9c8BAd6A8EFF32eD8F6,0.22596153846153846,209.67070860096152,43611.507389,208,0.5698630136986301,428.9780457794526,0.8751730763570951
0xE8054530b251cd61B540497cc1d288B9792C6750,0.4461538461538462,12.847804607692307,1670.214599,130,0.4391891891891892,-18.1256914223936,0.6343435537168838
0xE939ceFA8876D0D928B7d82717f788b24AA05E2B,0.22718446601941747,9.232764737864079,4754.87384,515,5.364583333333333,-23.369131112274715,0.6672444609870026
0x7da81de3766b84E9362b557Ebd2e79A9541b0e40,0.41739130434782606,100.25250230434781,11529.037765,115,0.2971576227390181,-203.2181143557241,0.6672073592200615
0xCa3B3eA7480C0542c52DB57c7f98dB10f1c8E13D,0.5088967971530249,6.299198014234876,1770.074642,281,0.972318339100346,-8.985516879999995,0.02728264985315025
0xa4E05427d6C43Be8ba15341C51e2206a848422d2,0.498,124.225994884,62112.997442,500,7.575757575757576,-3392.102164240153,0.5936668347360442
0x7A8b5919c15f153D66f2BdB0cBF08ecDdEFF25EA,0.50187265917603,7.171254936329588,1914.725068,267,2.26271186440678,33.40351900000001,0.5407977528438025
0x8D610aBb326DA419fB688326ce0940eD4F865577,0.59375,40.3639931015625,5166.591117,128,2.4615384615384617,119.60124404600388,0.5922170579904507
0xD44720c3E1d7dd54084Ce28A4cC87ff3747E1102,0.5586206896551724,176.30090740689656,25563.631574,145,0.29411764705882354,118.7675275472719,0.45910222620365715
0xd120b2243743957c8065c892A9CF31bDf75429E2,0.512987012987013,36.52388584415584,5624.67842,154,0.4265927977839335,348.0334919160639,0.5579305273768204
0xED917E9A4DA3d05c14f5493008998f7Ec5E2B6A4,0.33084112149532713,161.89889286355142,86615.907682,535,1.148068669527897,2705.5346750787244,0.5162013698496959
0x64BCd393Bc25CA347DAE8b95eA5d10Ff10dc6Cb5,0.7394957983193278,19.14658605042017,2278.44374,119,2.0517241379310347,104.91311314237332,0.48066996980628157
0xc8Ee9cDE88d37036Af02Ef9CdFcd7FF1e95D254c,0.6404077849860983,62.642247164040775,67590.98469,1079,5.533333333333333,1282.7551677539223,0.38034231047612876
0xb0b9De570F1Cf68aD52eB03b36faa2216e645109,0.5141955835962145,26.87818146687697,8520.383525,317,19.8125,291.08898392375585,0.5379180337996798
0xf12daB275AE5A4B0A385936fc5e4EbA8206a77c7,0.424968474148802,12.253354611601514,19433.820414,1586,4.417827298050139,-130.39436149168534,0.4996629246003188
0xe408080cbD8199Ca3C1EEeE656DEA4D443596c51,0.4773662551440329,3.724308695473251,905.007013,243,7.363636363636363,-3.0899711594323476,0.6051512767160278
0x47027ac5d006F961514d031d02Fc01683Ff1457F,0.495253164556962,89.71693747310127,56701.104483,632,11.285714285714286,3855.9292744644813,0.5113458511800794
0xBc8aAA84C3F0d5438E6bC4C541644614CE32903D,0.26848249027237353,103.76645038521401,26667.977749,257,0.6675324675324675,3377.6159949863154,0.6390498387388652
0xAFcB870E32ca467F137e41a90755e9493DAfF2c4,0.5360824742268041,180.94733917010308,35103.783799,194,0.7185185185185186,4580.9909235544,0.5137061855323711
0x5b1639759A9a87E9709af4e2Cea9bF2118c43234,0.47692307692307695,4.119229438461538,535.499827,130,130.0,-21.49618942367937,0.5886664360132043
0x6CCD30A55af95f934B85fA8Ad4393687E2e975e8,0.45977011494252873,8.806850574712644,766.196,87,1.0609756097560976,-2.7917390000000015,0.4788735632183908
0x2A70E13A167f7b68650e62303f847Ec46a7bc4CA,0.5203045685279187,8.585272604060913,3382.597406,394,1.304635761589404,-0.12814354590707303,0.5678656774697384
0xdb82F453BBd40E9fb092bCe2E60E01aFeCcF25C2,0.5803571428571429,13.208017857142858,1479.298,112,11.2,11.257095000000017,0.4688392857142857
0xc2996818C1aF209A97AC295787Bd6332d5f6dC5e,0.21818181818181817,221.62276375944057,158460.276088,715,1.7023809523809523,10066.810632371453,0.3600605626905663
0x0d07d5A3597B2a78450E111D1d9911Df39E93c16,0.4673913043478261,7.732278913043478,1422.73932,184,2.0,4.080539206311115,0.546305881642512
0xf0A5A304d62E3748531600b46473D651390f04Bb,0.4915254237288136,4.277228813559322,504.713,118,3.933333333333333,47.825573999999996,0.6376864406779661
0x185EC6e4a3d3C657B28D43E208Da47383368c63C,0.5238095238095238,3.2895392285714284,345.401619,105,0.30791788856304986,3.974040242231001,0.5275333333333333
0xC918ed5b01c6F347C968Fca3AB956B0184746e81,0.46923076923076923,85.84537717692307,33479.697099,390,1.3636363636363635,2129.978174294736,0.5205559693851747
0x763072452c96cA3cf9ea522F44240f1496D14fF7,0.5064935064935064,79.26517324675325,12206.83668,154,0.3701923076923077,-300.69173911999997,0.528487012987013
0x62dcC0dca6Fc1eF504D08F607aeCa3881fdb4F79,0.2909356725146199,6.000937624269006,4104.641335,684,7.862068965517241,-338.9513832729255,0.4880860218790302
0xa4B68fdC45f850cF46D784f78671593a19C8e3Ec,0.5559883154819864,3.9360680886075947,4042.341927,1027,32.09375,289.429755564235,0.2416895825908676
0xf63248D0F789cB643496821c461f7Fb1f8BdcB34,0.2777777777777778,50.89154799074075,5496.287183,108,0.313953488372093,-128.73304844943706,0.42008209623680154
0xF03140F6e9719d0e53B727b76Fe0D1C9edF489B5,0.6299461855017411,17.61481852799541,890323.387679,50544,236.18691588785046,21999.096885794886,0.27719749677779026
0xb92B58b40327Aca438f614109498F2e982499A35,0.39823008849557523,43.34804876106195,4898.3295100000005,113,0.27764127764127766,-39.20868000000003,0.47607964601769914
0x9C90F9ce83Ff330320cA35851F445bf7ED5C72d7,0.23529411764705882,3.4412318571428573,409.506591,119,2.2037037037037037,68.96102635844387,0.54319798881089
0xE841223100F04cB67D5669e78fc2348D897412c3,0.40384615384615385,9.981973903846153,4152.501144,416,1.1005291005291005,160.6988518769815,0.464692644934671
0xB2F18D71345323B807f3c7f42700cA2cEcFb6E63,0.5217391304347826,56.59921738043479,5207.127999,92,2.4864864864864864,-6.399477017047406,0.580902735779465
0x6870Ba6988EB5A832FA682a8f249B054d9808a17,0.041666666666666664,24.779089541666668,2378.7925960000002,96,0.13636363636363635,31.269887958093886,0.6665311805840778
0xb53aA74445A31978220DDC12505C1b60F43Df9a8,0.3356643356643357,10.700929888111888,1530.232974,143,0.3592964824120603,-73.84416683290767,0.5377202284117297
0xdf465Fd186c947AF6f793d1D7783EC39EF316284,0.3836477987421384,40.516849566037735,6442.179081,159,0.4274193548387097,-338.5036034702018,0.5874741050584905
0x25d98d61EBFEb38fD9E3402C40C442F3CFa77be8,0.5135135135135135,11.305494225225226,5019.639436,444,12.333333333333334,14.175680268381635,0.6533135850155135
0x9aAc7f35cce71599bf0e2083eF5Be76822C77b50,0.8282828282828283,44.632422691919196,8837.219693000001,198,3.8076923076923075,680.4908634359466,0.3539909980134182
0x0A6628743EAD7B2353f12C32A692537377ED63fc,0.4074074074074074,12.960349037037036,1399.717696,108,0.31486880466472306,1.399187370614511,0.6815554504835163
0xB5517678566084C57159e55fE50cFC5FB6fBcCf7,0.5478260869565217,23.73167868695652,2729.143049,115,0.3150684931506849,32.80198800046356,0.5146608576587645
0x7fA13f8AeDB2A4b2cFed6350De4e835052823ADF,0.5515463917525774,4.555958226804123,883.855896,194,0.7185185185185186,5.446687537956132,0.5525438122089664
0x031f0F74914F7B78E0E47E72D7B2E9Eaf84De9Ae,0.4965986394557823,40.506186408163266,5954.409402,147,0.4819672131147541,-159.0236248335618,0.49414960910692307
0x1524D5c7298BbD1f8eCDf09802c45d54743590DB,0.44274809160305345,6.330445832061069,829.288404,131,0.447098976109215,-25.62082097566529,0.4758109202592801
0xEFCD73422d4b9590eDfd862277b38AAe67e4905B,0.55,103.2159987909091,22707.519734,220,0.5263157894736842,-7.118375875082941,0.5218318118232
0x863869491E86F51B125EE0826Fcadc2DDBe4c8E9,0.5733333333333334,42.186481173333334,6327.972176,150,3.260869565217391,488.9097693140332,0.46184385734630695
0x1A0951623306831Df3dd324C42a7841A584b2780,0.6791044776119403,19.886961313432835,2664.852816,134,0.6291079812206573,242.9799583661258,0.4344626641317705
0x6E4C2BAF1539f94406B679FF6da603761a5b3aC5,0.3248730964467005,65.59631217766497,12922.473499,197,0.5710144927536231,-15.852511304956321,0.5874547287219551
0x7762f43F8941a90A613bD331dD21242eDD913A34,0.48878923766816146,3.7365542376681615,2499.754785,669,334.5,-191.75158644800084,0.4583981123220079
0x1321a2e29B9e8a8A1f2bb4018BE7A879e39503f3,0.504950495049505,100.58335444554454,10158.918799,101,0.19092627599243855,1299.1868188803242,0.5049999996661118
0x7DFB36dc2f6c895b5084cd28F76Af9E702F90dc6,0.4322916666666667,48.484117703125,9308.950599,192,0.6295081967213115,-14.306632963379307,0.509996568537512
0xC1D269F524cDaa927550552E2EbEB6a2f1c7a77F,0.3684210526315789,34.82126212631579,6616.039804,190,0.5523255813953488,-18.697454647909485,0.5356300852786963
0xCcDE9CCeA14Db49a8543CB00F8810ECEBc8aacaF,0.484,9.957012,2489.253,250,2.717391304347826,-17.504238000000004,0.520276
0xbEC66b64Fd31Dcf776B6197d845239c652e64651,0.519163763066202,17.170718289198604,19711.984596,1148,10.62962962962963,-178.42963218580033,0.6227825017400132
0xF9E462fc714Ed71Dd4acdB0ee7F9F37E29699EDf,0.45161290322580644,9.401448387096774,1748.6694,186,1.878787878787879,-145.79382500000003,0.4868387096774194
0xE1E6764F6030737c64d4665aaAB88d431De389c1,0.38461538461538464,504.6275783576923,131203.170373,260,5.531914893617022,-2915.606372858029,0.5521776077749972
0xD1Eb0e59F6847C50A8588456A98F41b3D5fe3BD0,0.5,16.499037469298244,3761.780543,228,0.4840764331210191,-32.85091870791217,0.19100405113338603
0xF00116C1dB331eaBa0e506cD0A980677b173EB7c,0.5150501672240803,9.787163545150502,2926.3619,299,4.462686567164179,33.230975750000006,0.5747157190635451
0x305F498aEB1a05F2764899c045F3663010Cd2d33,0.5060975609756098,113.4243985304878,18601.601359,164,3.037037037037037,1126.251003474615,0.47049680786396436
0x46Efd3e48CB082983dD167DAED300ACDD4354e21,0.5102040816326531,16.51522448979592,809.246,49,0.6901408450704225,-32.029207,0.6139183673469388
0x0098680B39Ee88d19B06C376d32187d812aA12b5,0.6551724137931034,3.0772150413793105,446.196181,145,0.26605504587155965,37.72791020545951,0.44431015743588353
0x377923AA287f4cDfd6AeA3E556A4d0285d5dc713,0.5264423076923077,20.505472682692307,8530.276636,416,37.81818181818182,143.86185374799663,0.4700692006946276
0xF9189f5e8a05ca8C48B755Ae85EdDE9cDA2230d5,0.5064935064935064,28.70353223809524,6630.515947,231,4.052631578947368,757.5260565038526,0.49380031971953375
0x91f295a067f0342ca17c74D5895D2c74DaF83971,0.4745762711864407,9.279290618644067,1094.956293,118,0.36645962732919257,13.712205223342968,0.4653559327438475
0x35506Cf3606F600E5Ca1c666656fC7B3CE163d97,0.5300546448087432,9.188124010928961,3362.853388,366,6.535714285714286,244.76894952500405,0.4853185973878694
0x31f86074D35B1EaE491bBf12f665bD6372600ADd,0.5209580838323353,120.23694837125748,20079.570378,167,0.4103194103194103,-1943.5660698124116,0.5001437052358253
0xb49D4FDa9122A3961D6ac768E859D6160C5708Ab,0.5113122171945701,8.077189864253395,1785.05896,221,3.8771929824561404,-0.24952923999999918,0.5891085972850679
0x0F40688ec3c8DE32A3968CdF317aAE3e8118888d,0.11940298507462686,94.42842512686566,12653.408967,134,0.4024024024024024,9.78542115683221,0.6539973677501918
0xe680F45D809bd9b7c22377Ce01C6851ec86C02b5,0.4819277108433735,2.49035356626506,620.098038,249,35.57142857142857,127.82199870379853,0.49996062693519333
0x156162702E6e54036E142b904309db82A0182028,0.2627986348122867,152.51482189761091,44686.842816,293,0.8567251461988304,-292.5569606731583,0.5737310811447057
0x1FcB3D73aC3E65635062225CbB4FaBE90613694f,0.5064102564102564,9.807051282051283,1529.9,156,156.0,301.141,0.4999358974358974
0xd57eBB340De0b1695E906fA02b520AB6E45C22a9,0.6496350364963503,26.581927729927006,3641.724099,137,12.454545454545455,582.0427240822702,0.5471119262463997
0x1D2e23EB7B3C80a82dD582289e4136A0Bbf6ec4b,0.5728155339805825,8.948607747572815,921.706598,103,3.814814814814815,17.48315622913583,0.3762978467647081
0xaB03732C8dAc6e18c19aAC8D115D905f31255DDA,0.5,1.5568300357142857,43.591241,28,0.9655172413793104,0.035757394089997854,0.5692142857142858
0x906aA5Bc71a3eb9D19C50C1bBf02c97C9051118C,0.5,1.671233673076923,86.904151,52,2.1666666666666665,0.21772717416938925,0.5546538342269343
0xa23925B6fEf09a46380F60F6C158361F7857A62c,0.342042755344418,16.51128797624703,13902.504476,842,4.811428571428571,343.9789089671119,0.515637318969524
0x37539763F0e1357FE3B4c436E237050418Ca54a5,0.5028571428571429,21.612897437142855,7564.5141029999995,350,0.7592190889370932,-62.78443900062906,0.30171714284686524
0xAE2dFF174722b7B90202DbF0AD6EbCf96dcb8F96,0.5,158.1892796875,20248.2278,128,128.0,20.136776985000182,0.5
0xb71B19F20E10fEA4b1A772F7C4f8f33DC05fDaB2,0.5,12.92660445,1292.660445,100,16.666666666666668,1.236079456060009,0.51972
0x3863ca9C08Dc1ECafd82e7bE00267E94851CeaA6,0.5976023976023976,185.42268025614388,928040.514682,5005,14.25925925925926,-3596.7769453317073,0.41241861711795685
0xB119ab6E22698Cf40014B7eDd6C61385fF309169,0.32558139534883723,26.980744274418605,5800.860019,215,215.0,270.67187431231173,0.39851600129997156
0x499dbD1Cf98Ab9a285193F107Fbe06E7119cD3F4,0.5108359133126935,1.294841464396285,418.233793,323,161.5,-9.266108742002558,0.14902037190803163
0x3cc5927A262c97Cfd528538774358836E265df10,0.6266666666666667,141.54648355333333,21231.972533,150,4.545454545454546,-398.94401422615255,0.49492389652858604
0x0D4DC39228e7A2f89c2ebB17882cED2cd9c74827,0.5,3.556430926470588,967.349212,272,272.0,1.4205701153981487,0.6755268349146222
0x689290F112E383e3b9B137d5Cc952A78e5DFcB37,0.4987854251012146,12.3486624097166,15250.598076,1235,205.83333333333334,-464.02090436725996,0.5077060968098691
0x44939AEa8F41bC7a898f99d9165407E80ce63Ec1,0.5803921568627451,818.7045632,208769.663616,255,0.6174334140435835,-9602.666790553667,0.5320774302204585
0x1d6926dF689C47d93B53BBD3BaEeAeA2223324F5,0.5344827586206896,331.39244496551726,38441.523616,116,0.23481781376518218,17356.55818735648,0.4598282255456358
0x29C2a7A10c060E998AeCc41F5E79a6ebCEeB4296,0.2881679389312977,130.27821471755726,68265.784512,524,6.093023255813954,-2126.9392607007903,0.47319959305829684
0x0C48cF4f78dD845A818fBa6E1d40329f2dCfb1a6,0.5289855072463768,45.62621297826087,6296.417391,138,7.666666666666667,952.6668590277264,0.4981407865970754
0xE4c4197D80496945f3401040f5b652635335E62B,0.35570469798657717,76.71764255033557,11430.92874,149,0.5936254980079682,4.687478673436717,0.49889929338447936
0xC8B0d2B29891ED9C82C5Aa0307cAE6eB606DFD62,0.3153846153846154,2.167226584615385,281.739456,130,0.436241610738255,7.143169122626799,0.6402787091180057
0xeEf5f60A54Ec134Af93E9606f319a4B1A23365b4,0.7083333333333334,1366.7198099250002,328012.754382,240,0.7476635514018691,-3876.810456813288,0.9290541608061886
0x01b8B92606DB98B22C0486bc292Ff207ae4856c2,0.8423529411764706,354.43253077882355,150633.825581,425,0.46195652173913043,20808.51948754875,0.352873686988252
0xbc5B139C6dB5301355da144D98569C9Ffa0506F5,0.5045045045045045,7.157462108108108,794.478294,111,111.0,274.9831375053001,0.5062162193930523
0xB2a0e0D8630dEef73eADfe0D29dd77C87BbA3D33,0.7028301886792453,193.2911321037736,40977.720006,212,0.5792349726775956,2969.0257047264363,0.5556886682945171
0xfe86be1bB298b365e8F77464B3D54cfcb415466C,0.49557522123893805,22.96797875221239,2595.381599,113,0.849624060150376,-2.1211623962431334,0.4605848065444406
0x18d0F3cb4A686C8E06EadB7d911345cFa0446c88,0.5066225165562914,23.54911488741722,7111.832696,302,1.78698224852071,-39.65867968628271,0.49680518732045054
0x6FA11ce3E35F7784fA401267831d9Aa6c58c87C4,0.660377358490566,71.58090565408804,11381.363999,159,1.272,789.8009985662429,0.46338338951474645
0x4dc0F1A55EfC98d491037e6CB2c8806707ccb5F7,0.4953271028037383,33.94358426168224,3631.963516,107,0.4476987447698745,-69.1174862159409,0.5835862081653659
0x294707a881a3C5a494e092dfBcFbD560748b7bC9,0.5254237288135594,36.42601451694915,12894.809139,354,3.806451612903226,443.58915964781824,0.4894048192840542
0x1068A7042B96C692AB266A22d1D35987431e6dE3,0.8151260504201681,88.43542068907563,10523.815062,119,1.4166666666666667,59.172539114921165,0.5232688996512748
0xf66FBC94d11534DdAD9dFd0b56Fb0CB63a43323a,0.4893238434163701,41.61022135231317,23384.9444,562,1.5524861878453038,-30.39070663999966,0.5313985765124556
0x5a48948355f2bB33A7580049086aB37db33837B3,0.5517241379310345,39.92684047413793,4631.513495,116,0.17737003058103976,-361.98049576840765,0.37068150775252934
0xA9E7c1293cD80f791147b0Bcbd1A695709D7376B,0.48214285714285715,8.800401785714286,985.645,112,5.090909090909091,-1.6723268900000015,0.5779017857142856
0x43AA1Fa1a8F715d9EDb9b1e4c4c2E0DDD43B36D2,0.421875,35.2696933828125,4514.520753,128,0.3575418994413408,5.130407325524957,0.5231562495479009
0xf60fa18B078A8e1D3788241fa28beC4049E284e4,0.4827586206896552,17.725536551724137,2570.2028,145,1.0357142857142858,-14.692077886134346,0.5997073391573445
0x1A519E2D89379f113CEB65C9AAFDc01A79C71279,0.28703703703703703,55.7691655925926,6023.0698840000005,108,0.43902439024390244,265.0411290892185,0.6208339972279278
0x9EA67001924205f1D5D220bd08E34cA8047Ae488,0.725,7.525007843749999,1204.001255,160,7.2727272727272725,84.29071287083772,0.5526686796105342
0x4EE4deD4239553C6fa8063FEeD5a37e97406b575,0.5938958707360862,20.238116155116696,56363.153492,2785,23.803418803418804,2489.7270264069616,0.49896097962771424
0xd013e2D395FB25FD255f7551F799FCF6D1006454,0.5714285714285714,11.024768351648351,1003.25392,91,2.935483870967742,6.070063879999991,0.6157802197802198
0xE597CFD8DDDb8DDBbd1cb2D2492215EB2396077C,0.625615763546798,141.41656055172413,28707.561792,203,2.2065217391304346,-1081.5169485892027,0.3241369488310148
0xa9A3ec11f8205eB99A542F1e01fEc335Bb0d022c,0.423728813559322,120.8117909322034,14255.79133,118,0.3480825958702065,-194.81421214501924,0.5548892867690092
0xc038ef49e55817a37704159bA955B258357cF608,0.44680851063829785,12.564074468085105,1181.023,94,7.833333333333333,-4.074675000000006,0.5088617021276596
0xa31aC1B203775a6A7bd0caE732FDB3542f3792CA,0.45454545454545453,9.853431818181818,867.102,88,9.777777777777779,2.119485846394436,0.5192748926767676
0x4c9CE7f9F4281d8F8FdD63B85A2Ff186fc4Ba538,0.4647887323943662,14.199214788732393,2016.2884999999999,142,6.454545454545454,-3.115191500000005,0.4962323943661972
0xc0874539C0753CddB287Ac68Da5Baf5cc59Cfc64,0.5217391304347826,3.9918695507246382,1101.755996,276,1.3142857142857143,-0.6952203699519482,0.5883115933455064
0x2cE01bE3d42903940F87f575Cdd8fDFF93Ea26a3,0.5375886524822695,20.989284035460994,14797.445245,705,2.808764940239044,162.19145699049085,0.5000058869307117
0x1962d0832706A28E2988a4Ec5B5a99CE27699861,0.45652173913043476,9.013985,1658.57324,184,8.0,-17.351463679999984,0.5020760869565217
0xacAa5344B35EF547f44165d05472Cc7C7C702De4,0.5922330097087378,82.82891352427184,17062.756186,206,0.7984496124031008,92.70681435546017,0.2643106724193841
0xFac8e536d260c861474Ee77eD5Fc4B0ECd213924,0.4797297297297297,10.34906027027027,1531.66092,148,8.222222222222221,-1.905071000000015,0.5626013513513514
0xf3054231b66e5f0073B7538041a01fD6000c2CA7,0.4976303317535545,146.28105927014218,30865.303506,211,0.2754569190600522,-63.029941134993955,0.4283402325238607
0xCcdac3c7b285BB9402bEE9e0E58Fe76480aF4937,0.486784140969163,253.81507751541852,115232.045192,454,1.4412698412698413,14445.33097832544,0.48514154807443594
0x779152A3D55eC503047C390F5192d2f46B275e83,0.5785714285714286,18.708628728571426,2619.208022,140,2.413793103448276,170.4798014323406,0.37770404501528454
0x385b75A2E79AF51B1278DaD175b21656982E5E2E,0.31297709923664124,8.2863833129771,1085.516214,131,0.36797752808988765,26.372446491655385,0.3814427068169154
0x8f92aA0f0d5babc60D08e4014eC4B6a81b3e4529,0.5257731958762887,13.58136082474227,1317.392,97,19.4,10.178173000000005,0.46411340206185564
0x108C8Bdb104236BC3d4e366185640F9b0507c652,0.49707602339181284,16.80031134502924,2872.85324,171,28.5,8.30743778893981,0.5136571784680557
0x496b42c25a4e4bd7d3dC7dEed88c76CCD21c1C57,0.38854073410922113,85.26065165085049,95236.147894,1117,3.7993197278911564,-4263.194445741176,0.5466158806320988
0x53E7700D5f6bAcEE105dF696035d83D74D329a6F,0.6234971249346576,186.66340909997388,1428348.406433,7652,24.763754045307444,172040.6380918267,0.4218488900987494
0xE2F1335d6C7AE78DEbf7EA47d52Dd23750Baa864,0.4482758620689655,12.195384275862068,1414.664576,116,16.571428571428573,3.649884000000012,0.5394224126417574
0xC56a374553910686f3F2F6F454c710Bae3579656,0.896,6.051157519999999,756.39469,125,1.3020833333333333,130.01829741470718,0.3620248866820288
0x7e6B7f4782f2719588C5bd318bDa71c2F950FA01,0.46153846153846156,9.49102564102564,740.3,78,7.090909090909091,0.043767739999998806,0.5726538461538462
0xD80eD1bacea98171CE72E52cb68EE9c16b1b8310,0.46511627906976744,27.81299658914729,3587.87656,129,0.3706896551724138,117.38409478975171,0.3255554790677286
0x0Be309518F6F76F9087fA121743709BC38A8b664,0.44919786096256686,14.820366855614973,2771.408602,187,18.7,72.07651651735269,0.5461476146419653
0x4F32787FdA9bA7247625b671FB79B02Cf974D2B3,0.4691358024691358,10.642172839506172,862.016,81,13.5,-8.624057999999998,0.43267901234567907
0x3AD99F9E931343e34ae534e5dc321258881a812a,0.52,11.77423,1177.423,100,16.666666666666668,-3.3781989032257993,0.5155964516129032
0x37cd327099A80ee6acbc656C582a520FBeD37B7E,0.5803571428571429,420.9117830625,47142.119703,112,1.2043010752688172,954.9500769910231,0.3270760809165648
0x548187a38923733Cb95b1046e85242d1cA62461c,0.868560105680317,5.905552558454426,17882.013147,3028,32.212765957446805,168.07791059000013,0.06841931589353377
0xd99Fc2198a5277029421d717b9F2f08c203d41C8,0.5471698113207547,26.479037735849058,1403.3890000000001,53,10.6,5.659544999999981,0.5806037735849057
0x265392Ce79155eD752441b980494cD197728D0F4,0.8795180722891566,699.9191395722892,116186.577169,166,0.4742857142857143,-2597.026695982385,0.3384870336064648
0xEc4E9362ad0d68c2a8B19d9F7EfF3De2710Ca44F,0.5419354838709678,56.67376713548387,8784.433906,155,2.421875,-399.2458956929382,0.4543083581588067
0xfddc1591e2C089868181fBD8310893719A578a1C,0.551948051948052,10.133195844155845,1560.51216,154,1.0266666666666666,48.90665406999999,0.6180334140604293
0xA77CEC34360247F199725Af9Ec424C1AA1d6CB14,0.5967741935483871,19.42186818346774,9633.246619,496,2.624338624338624,1128.289053610879,0.4669246449245795
0x4e358Ab9111Bf313785F8D7729c4bb21eF43BE9e,0.5,29.097245401041665,5586.671117,192,0.7084870848708487,0.9364985555270425,0.5154687497312224
0x7f363E72A9c3338c6f968b3015657DaB146Dc24e,0.48031496062992124,24.268407007874014,3082.08769,127,15.875,-7.654003000000012,0.3666535433070866
0xd782Bd4b436103571A5977DD14CB93C84c5E9aCF,0.5263157894736842,24.644614661654135,3277.73375,133,44.333333333333336,-4.334688250000018,0.5656616541353384
0x7D53ef5F9EEeC49C9252f4d12a928d1581dd6A23,0.5303867403314917,6.008038674033148,1087.455,181,1.4958677685950412,8.112084195999998,0.535696132596685
0xBf2cFD6F7b8195842190450DfC5497ddd4F4383c,0.5196078431372549,6.224058068627451,634.853923,102,0.8947368421052632,2.4295472900000026,0.5406568631523071
0x8D7Ff19F0247DFE83B8b192dc29D778D3b52Cec9,0.5034965034965035,8.199502648018647,3517.586636,429,2.9383561643835616,-9.127671767534915,0.5314899671189028
0x1Deb239E55D58da08E07dF7C594a056548fA46C8,0.5048543689320388,16.90298885436893,1741.007852,103,0.24235294117647058,-19.27755257953598,0.3953009690307345
0xC765603dBfc968d047a281E944e55ef5a576D950,0.4691011235955056,5.339836873595505,1900.981927,356,2.848,-10.259002958507004,0.5597331460674156
0x0A720b4dc993Dd66c012B3749fE3ac79089Acf07,0.44387755102040816,5.442838841836735,1066.796413,196,1.7657657657657657,-0.6477044686280021,0.533030612244898
0x784F99b11928B6553F8929c7d57Eb14e33e568F9,0.6971830985915493,30.72886190140845,4363.49839,142,2.491228070175439,158.15350033429272,0.3869526649850652
0xD4983602B5866bDf4a08B8D789732479dE0550A2,0.5034013605442177,14.0711126122449,2068.453554,147,1.2049180327868851,-3.1010942270636597,0.5803945533769209
0x237Bf9eC591606B426c3673439F213Adcf059099,0.4943820224719101,6.632753142322097,1770.945089,267,2.282051282051282,-12.55672967395152,0.5680074877259104
0xd3B1fB551faCA9D936934f91C733d6939298E302,0.5952380952380952,10.56044515873016,1330.61609,126,0.47191011235955055,52.773839099999975,0.07155555555555555
0xDc6fccc0061240500766987D625c29dadB16F057,0.5562130177514792,57.23806826627219,9673.233537,169,14.083333333333334,59.902724892212625,0.41558828775958834
0xDf412CA06D7B7AaB6DFF58253B30264E52cAd642,0.5,5.250756866071429,588.084769,112,0.9911504424778761,2.973652051167981,0.5053593751390076
0x53b6Ea0E793e2A9AEE9e0AC87028a1d41B022A93,0.48031496062992124,6.223762787401575,790.417874,127,1.165137614678899,-7.1721673203040135,0.5453937005790945
0x591aE7b0dBe0895cc40513A1915067dD3af33f78,0.4666666666666667,7.88884578,1183.326867,150,0.8620689655172413,-32.72909321832801,0.4954
0xca45Ed96F75903f0dfb7bba638bdB0A9e01b0e2f,0.4823008849557522,6.189273553097345,1398.775823,226,1.751937984496124,1.1917805861529753,0.5519601769911505
0xcc5ff06FC6B9D634BE1eAfbF729191DeBf839766,0.5030674846625767,16.361668754601226,2666.952007,163,0.7581395348837209,17.499580050223727,0.407595086581571
0x30FDe8547d34Bb934D389362Bd3e5B1D90ec6086,0.5106382978723404,6.206288340425532,1458.47776,235,2.3267326732673266,-1.0850796400000222,0.4986404255319149
0x4C3B4532520C69f2A1c24ff631Bc9C4E264Fdc63,0.6387096774193548,26.207181238709676,4062.113092,155,0.640495867768595,698.4578532578194,0.48377533057628813
0x9E3b0bAD7c6CfBe1DAd7CC1b623bA30195907A52,0.46153846153846156,7.1703202884615385,745.71331,104,0.9904761904761905,-29.381802543191853,0.5848173039390928
0x3e6d20dcf4197afc22a4fbc6E39d88F2A7d923c3,0.5483870967741935,6.500896556451613,806.111173,124,1.24,-0.9379276719130067,0.5946290322580645
0xab7DF318FeF9f9168f26e8c1ebb6cdf943cbA14e,0.5504587155963303,78.37911104587155,8543.323104,109,6.055555555555555,-2050.2135040197877,0.3482131142787439
0x66a2D554004e4Fc7E564f861FB93BFf85179eea2,0.5555555555555556,4.918622568627451,752.549253,153,2.095890410958904,6.945270491525126,0.5201960758317847
0x3273eeF0269b70fA054eB466E219820bA8772abE,0.5181818181818182,3.228359790909091,355.119577,110,0.7142857142857143,4.233912995489063,0.47395857582362
0xCbEcC974538D439E11F94903864428B641a64896,0.46,11.39476191,1139.476191,100,0.6410256410256411,3.387706564033489,0.5428999903715771
0x5D6a8F97c830aD89c305687ee04042689F8C020e,0.41025641025641024,6.384730121794871,996.0178989999999,156,1.1142857142857143,55.86694949614401,0.4529679487179487
0x79e172F801C098bD7329e7e3D9CC9B465953C15F,0.5047619047619047,8.790771885714285,923.031048,105,0.7446808510638298,93.28825959799457,0.5611566306730761
0x3f862AA7180c8c46F80fe06537a88E0A64e90fa0,0.6916932907348243,674.0342197220448,421945.421546,626,156.5,60842.0977815032,0.5729382832950187
0xe513991CfFdb26E90E2b844cC7A1966791cab7Fc,0.6243093922651933,76.6834013922652,13879.695652,181,1.046242774566474,3100.4027248535567,0.4693252415907903
0xd87c73E5eA9441F4791d1A33359A68463f3b742F,0.25308641975308643,92.7273341419753,15021.828131,162,1.218045112781955,-109.57421374108844,0.6540985861869855
0xDC8dF647a00DfFd383Cb6ECa6F9AebEeC97fB32a,0.5203488372093024,75.22965375872093,25879.000893,344,1.9217877094972067,382.8027118764147,0.5578216930380382
0x222E757be8e912D1D3d78fed91E461BDd45C79A0,0.3,2959.7535235575756,976718.662774,330,47.142857142857146,6265.483928970548,0.7288738523895651
0xef5c1bA1aEaa57074A588852FD23709B16808DfD,0.7717391304347826,359.53438620380433,132308.654123,368,1.5593220338983051,27109.472719871625,0.5004622117879675
0x4bc107938CFF194cf84042153d565e4b2FA9C61D,0.4838160136286201,43.58296286201022,25583.1992,587,2.1345454545454547,-37.36855840000014,0.5273356047700171
0xA6971421da60Ac09f68cb6332146849715Ab389D,0.4716981132075472,34.689618,5515.649262,159,1.382608695652174,28.824293762868997,0.43165408701654734
0x581e2E2df765a26619004252cE8E8CC3698069A1,0.4675324675324675,7.881315399350649,2427.445143,308,1.7701149425287357,2.207819323504104,0.5224168812043362
0x2b22C9935565b01e636556e299Ea1F39949E5b8E,0.4692556634304207,8.966045673139158,2770.508113,309,1.7758620689655173,1.8492779437159754,0.5235760475883344
0x5f12b1F23cd62E7166059304639b374Ee80BB5f3,0.5132743362831859,1.42419696460177,321.868514,226,2.539325842696629,0.6627017294391659,0.5044995437872614
0x083d788170D0B2108115633646deFa25ea4818B0,0.5412844036697247,43.324174587155966,4722.33503,109,0.5069767441860465,-130.18142363446972,0.40815890174824093
0xFB5A0CA2fbE65cC820Ec81Ed1f66B224283e3A8E,0.7368421052631579,50.90174494736842,6769.932078,133,0.9568345323741008,269.610764926979,0.42215541300373655
0x024c8cc47c99093641400Bcc9661AFF6a9A68332,0.41453831041257366,8.488611392927307,4320.703199,509,31.8125,-126.73545970327028,0.5946936603746734
0x20d1f14E5DB476b6f0eea0ae568b26C3953ABF0C,0.6786885245901639,10.086743272131148,3076.456698,305,2.132867132867133,154.66355973197935,0.4276087842820143
0xbA14B940B133Bff29E66910C8d19831Ae669f1DD,0.7794117647058824,4.313063698529412,586.576663,136,2.2295081967213113,44.12629332654147,0.16654424254155817
0x52bAEc5adD0fBC93f322F8393460078cA3bF0ab8,0.13253012048192772,11.12015038554217,1845.944964,166,1.66,51.753014792339386,0.549337336976873
0x544421013d3B47A3061E909df02EC5D32B64E50a,0.4752475247524752,142.26734036633664,14369.001377,101,0.6158536585365854,-14.37852298146107,0.475712869146251
0x4E31804A6b4E4fce296E51AD21db110f2A5b8796,0.46534653465346537,114.05896132673269,11519.955094,101,0.6644736842105263,-349.42971703066985,0.5016336556991728
0x9355f4dEAbeeA63AFf97a31859c721AA3128B567,0.5145631067961165,218.46029120388351,22501.409994,103,0.5722222222222222,-12.937697169074191,0.5011446854816058
0xF48fEb0a9473364F3A3c89a85f3F361582fEE2e6,0.4793388429752066,99.80328595867769,12076.197601,121,1.198019801980198,13.178967511133411,0.4960413161860714
0xe509bfF1B9Ed088bbCDc2c798653DcF919d63055,0.4915254237288136,94.19496416949153,11115.005772,118,1.18,12.150359034446165,0.508338976584571
0x79349aC10371Cb59cB8Db6271de630413F24B14F,0.4915254237288136,93.91327780508475,11081.766781,118,1.1568627450980393,11.766623758070013,0.4917966101694915
0x211600EBBCC158f248251430a49d9D3Cc36d299F,0.4727272727272727,5.922925527272727,651.521808,110,0.9649122807017544,21.268306028882407,0.23845453954028614
0xe80E62B939F5921cB46ece054a54683d411c5314,0.48756218905472637,44.82577104477612,9009.97998,201,0.9663461538461539,-45.199255167344056,0.4671396597014925
0xF61B17fB7A1fB980112F766692E638E6cFC67Cb2,0.5687022900763359,21.88381201526718,5733.558748,262,1.8450704225352113,202.64703225384037,0.281089550602137
0xeB87Aa778CcCA44dc8938Cf78b0230Fc3C5e250e,0.34901960784313724,17.035019466666668,4343.929964,255,2.897727272727273,1.5925755055065047,0.49833437398084335
0x93683078e4bFBb1dE444F2280D115344b38491ba,0.35294117647058826,91.98677264705883,9382.650810000001,102,102.0,140.67127613000005,0.9836470588235295
0xb05ABe710b532978eCC9801724AF9e29D3e42D38,0.4375,4.881910339285715,546.773958,112,8.0,-2.8160238379969917,0.8357857053839107
0xe2Ce3f983F20E3682cAe5e408DD5a1bf8482dC60,0.3620689655172414,3.6238981637931036,840.744374,232,2.5494505494505493,-12.460786655750388,0.39535205723376826
0x2Ac01f1a6ed64307Ef568fB8C1AEAb3baBEEf613,0.396,4.436577548,1109.144387,250,2.7777777777777777,35.730169215085084,0.4135922659330963
0x1726DE3FFE9B2d2408ee97D7cEfBeDbeAb50490b,0.4563106796116505,3.9346668932038833,405.27069,103,1.2261904761904763,-44.04952755877106,0.4720808863012035
0x4642726da06A301085755A5F39F84799C91946De,0.45263157894736844,324.11451791578946,61581.758404,190,1.4615384615384615,-4629.406744235655,0.6399631546673528
0x0CAb1E0A4322c954f7DA70aA5616dD3fde276c35,0.44,137.09583509,13709.583509,100,0.7575757575757576,-166.70029634882584,0.49636999233770956
0x580F830c367D86e3CB4CaCAB27b523D69d021461,0.2222222222222222,22.52019162121212,4458.997941,198,0.9658536585365853,45.62083343594758,0.5234972385531702
0xAFc7a52B427d4c8dfC44e3447E7b6Ac2A5777543,0.5061224489795918,5.682166081632653,1392.13069,245,3.1818181818181817,30.76864966045916,0.4968242930779127
0x5E773acdFD6Cbe283009C33BE29c56eA446f503B,0.46226415094339623,132.87745161320754,14085.009871,106,0.8548387096774194,37.97852062430329,0.48542452320629975
0xd6fb463EBE042069ff6451560c3D3C9aA0c90c67,0.5483870967741935,4.562071129032258,1838.514665,403,1.55,65.2302034519825,0.3782779985996661
0xf67ae2dC8353b15F7a99D9f1354F7f1fE41b0D4C,0.512,6.0851749040000005,760.646863,125,4.166666666666667,-27.881334804544775,0.5398194358867293
0xfC6c4520e5Af69b68eeeF1cbcaF6E02118Dd81c8,0.4807692307692308,82.91106441025642,12934.126048,156,52.0,-608.4633551860225,0.44202972618016234
0xDf0E237683Df2E36bDB58D237E6eaC66827A8b91,0.4785714285714286,7.4675891071428575,1045.462475,140,3.888888888888889,-0.8694133508097476,0.49314020720119833
0x270ab62B5015c8DC05F6C5a99FcdC5637B9Dff08,0.5115089514066496,23.900756260869564,9345.195698,391,2.005128205128205,-163.60987812360906,0.30464542454070553
0x8BC0E578F34944a027313279b9F4eaCd60F7243D,0.5,7.47170447761194,1001.2084,134,5.153846153846154,-36.05488913997114,0.5273542891133497
0x4eF9E5893D9FFf9De2eA02C592A032AE0AA99a62,0.5,3.108785076923077,323.313648,104,3.466666666666667,0.3331477393760088,0.5095769230769231
0x846d079B7F9a663725EbC542cC1787919285685A,0.49466192170818507,1.6646575231316725,467.768764,281,3.6973684210526314,-12.795161087578986,0.5006206464386121
0xA742bF88a95a412a50D48F8770eaed68c3f5f122,0.5,90.13486606779661,10635.914196,118,4.214285714285714,12.052562331821568,0.49183897715551433
0xD9b9B122230efd8C81aE14f29B44703d0C72C9eE,0.49137931034482757,98.8678663362069,11468.672495,116,4.0,12.971338809889073,0.5000517201395206
0xb8c9cff80f7EEe0da3fd10eFe5EBD922B6749A89,0.4915254237288136,89.36323228813559,10544.86141,118,4.068965517241379,10.817276011732934,0.49171185487636176
0xDC6CF77474779590C8C1f7A51C7E6103dfD66a61,0.5396825396825397,92.87058514285714,11701.693728,126,4.2,11.598397553390576,0.4607618973910158
0xD42d15396DE0225EA178F73b322C308B091Fae04,0.48333333333333334,85.505530225,10260.663627,120,4.285714285714286,13.031434129973588,0.5081499909620942
0x016A16C41a23aafD17E260afc4236220a432f8E7,0.25301204819277107,13.449128174698794,2232.555277,166,0.9595375722543352,51.45616609357657,0.5017650280318977
0x4F726A55D769F08b89B48fC59Bf4aAB3e0e9D962,0.7047619047619048,28.137657142857144,5908.908,210,5.0,22.841043743589683,0.4872579975579976
0x098bF53b84405c892da6456F7E70614E88672928,0.4732142857142857,87.41756170982144,19581.533823,224,18.666666666666668,18.41637973751551,0.9123393037023497
0xf797c22288fac0e129aCE2041a08DB6f72332C19,0.5449438202247191,1.3348010112359552,237.59458,178,2.225,9.870653260000005,0.16519101123595506
0xA5efe858315898e3d25edE6e74393354AD5D83f5,0.4954954954954955,7.920396,879.163956,111,15.857142857142858,10.4726464672482,0.49250147161081176
0xD5596662C6FAaecA79A9889f7F5E157A9C1a0a8F,0.3101694915254237,9.86292793220339,5819.12748,590,98.33333333333333,69.55702966000001,0.09926440677966102
0x42F16D2E42eB1031Bf11286DD96A5cdF31A03fBC,0.4,55.800378886956516,6417.043572,115,38.333333333333336,-23.135473807684882,0.9805304110705151
0x8217E50086470Cd57f0c87D3791a76e7b7744B89,0.4,54.18752824137931,15714.38319,290,145.0,-72.55221097345971,0.9861172361845092
0xD6b8b6C60D813557175197D911E46Fdd602e34a9,0.33172302737520126,4.461278582930757,2770.454,621,155.25,39.73766500000003,0.04951046698872786
0x294E9977e0E1bbad792B096c91FcF1f237A9eFef,0.5041322314049587,27.65935249586777,3346.781652,121,121.0,3.5949655870480024,0.5040413223140495
0x38Ec2aB1d6482F35acCf4bCEaeC1b5D9Aa422AD1,0.3978494623655914,55.1369419390681,15383.206801,279,139.5,-233.0405026688995,0.9472401336397209
0xB6d4FC907DC5f553215114481E738c4A5E4C3aca,0.5,23.038134949074074,4976.237149,216,36.0,6.231937952430035,0.5
0xB309955BE376d38626312090D77ec41CDb8B5425,0.4967741935483871,13.28687353548387,2059.465398,155,5.0,46.33760034785076,0.5204008786868988
0xB456B5cD8e8cff69f75c274d3aEB7D3aB4dA3ec8,0.5,27.024904015957446,5080.681955,188,31.333333333333332,6.652403758717939,0.5
0x9cAa106381aC39Cc04e090d7A8345302C38B46F4,0.5,10.415922178787879,3437.254319,330,47.142857142857146,20.884301349435002,0.49488181818219124
0xDA7Dc2C1e1F94462Afab3A2c4fA6d3B663677F41,0.6820809248554913,4.801322832369943,3322.5154,692,230.66666666666666,-710.0664076596441,0.05771120471539948
0x4A6A35a1d442C95C858D7C63060326CdF05aFE32,0.5060240963855421,19.479215273092368,4850.324603,249,27.666666666666668,5.299213691443524,0.505916186794102
0x3e335aa53A69AB1142af01b9455b3535c264aDCA,0.5,30.12909525,3615.49143,120,120.0,4.072542602102039,0.5
0xe8A83220E9Ce8E22a92a6a8913Fc68D863422B9b,0.5297619047619048,25.76323738095238,4328.22388,168,84.0,4.463159679999986,0.5125535714285714
0x76F332c2B2a34614a0156C0Af28E71D2Df6f6453,0.3481953290870488,85.75684271762208,40391.47292,471,235.5,462.32792044000007,0.9848768577494692
0x2e6C5d6Ca29C3a8537C55cC3EfB4e92e928363EE,0.33398821218074654,88.77684186640472,45187.41251,509,254.5,-192.71563886999982,0.9827151277013753
0x65816811Ef3974F100d01dB8bb511b0f3ffe9d27,0.3333333333333333,89.95024524950101,45065.07287,501,501.0,-223.64614388999996,0.9812455089820359
0xF1C4f57411dDbE2a13BecC0cde34B9383C2cb2F5,0.5,29.47714855232558,5070.069551,172,34.4,5.261968759491988,0.5
0xdd9DaB6F8e9B5c97D398241429840cE0e0F139e5,0.5038167938931297,6.119809160305344,1603.39,262,20.153846153846153,1.4399450000000187,0.562324427480916
0xc26fE39a60f259Ecb49aC93d15327443F1a3fF7A,0.5041322314049587,31.16013014049587,3770.375747,121,121.0,4.326186372087018,0.5122727272727272
0x1f4AA617335fEc3E80A9DdFA94b5437343D797aa,0.5,31.734197166666668,3808.10366,120,120.0,4.28829035918,0.5
0x40cF5eDb81CC9b2F2FEA64beE6a384425A60A057,0.39800995024875624,5.21845776119403,1048.91001,201,6.483870967741935,-311.160654,0.017865671641791044
0xbcF66700B3beCb03F07B9dBdb59e139db883bAf1,0.35294117647058826,74.48166,15194.25864,204,204.0,-61.65855850000001,0.981671568627451
0x04134CB1fa95f606Bf0f8b5bc66701E1FB6E69f7,0.5,6.246911343283583,1674.17224,268,22.333333333333332,1.569500159999995,0.5900522388059702
0x9108C460dB7Dd96138Feb723b73546A671CfAd07,0.503030303030303,60.682555987878786,10012.621738,165,55.0,9.407025411448966,0.49644848418411364
0xe5c5f0e32a9f060075c4aC34070d24049E91796f,0.5,47.82835620945946,7078.596719,148,49.333333333333336,9.176739009476872,0.4104324321029499
0xf81fA2F9Ee185919eE1C166310438ad5483D2380,0.3954983922829582,49.257195508038585,15318.987803,311,311.0,-128.32761840230992,0.9763633392155834
0x61480FCC996A572a0694665bBc6d3b479AAFd73E,0.5303030303030303,7.2345679469696975,954.962969,132,66.0,-7.162800277977478,0.4862538272093801
0x570d19f13788FE810DCE256EcFb2D73eDD354F31,0.36072144288577157,666.9852540280561,1331302.56704,1996,332.6666666666667,-1378.1487662499978,0.9919203406813627
0x8A0C910F4d1512888eF8AADe00c7eD98c4D55C48,0.4978165938864629,5.687659388646288,1302.474,229,20.818181818181817,1.144610000000002,0.585768558951965
0xe2d7431FF062D2b58B4438829e133Fd4ce641fD9,0.33727810650887574,89.8053075739645,15177.09698,169,169.0,-49.95404159999993,0.9844497041420119
0x8Bd800b530C312851f0dd16cF0975b85969689f3,0.5,31.056540559523807,5217.498814,168,168.0,5.804530741710032,0.5
0x7d5a178C73Da8dF5bA22E09330ee21dEd8c9BfB2,0.5058139534883721,33.099453877906974,5693.106067,172,172.0,6.045294926275939,0.5000523255813953
0xddCeE91c7074e3aF51C3d33AE0DBB1b202eFdc9f,0.49666666666666665,4.2906043333333335,1287.1813,300,17.647058823529413,1.2572072500000102,0.6075933333333333
0x279d9b9B228CC9F81538a995bbF6252b09b77174,0.33723196881091616,88.47630237816763,45388.34312,513,256.5,-372.5224166799998,0.9702456140350877
0x65C46eb8049B9Fd1B9B90A336C353FC6793CF9fe,0.49777777777777776,6.231356888888889,1402.0553,225,16.071428571428573,2.544534999999998,0.6290844444444444
0x73015e65f2a7dbE6CCB309c3672578042728BC1C,0.36627906976744184,176.04983249999998,30280.57119,172,172.0,670.7495665000002,0.9772906976744186
0xAdd5D11a42955F0E00C5847C5fB82A0177b934bC,0.33534743202416917,90.87740607250755,30080.42141,331,331.0,-104.9074885300001,0.9860030211480363
0x56d63F7724B27C02A7ba1F7A8Ec38E65EC43843A,0.3360655737704918,184.90999352459016,45118.03842,244,244.0,-93.8281880999999,0.9896721311475409
0x1B4245c39113d0Cbe02Fec86946D6B939c9E413b,0.7198067632850241,22.99382884057971,4759.72257,207,5.048780487804878,245.81642381849966,0.3619529423086541
0x4a33A0B1D64C99176e5dAd204672981a2cDeF8a5,0.4256198347107438,47.17794214876033,11417.062,242,7.806451612903226,-128.342019,0.4762355371900826
0x6324056f06f14DDC885294d903ed5eB66a600166,0.984251968503937,168.96787572440945,21458.920217,127,5.521739130434782,6342.068915908247,0.40722431512191337
0x0CdD09F0034F5439F409a4BeB3dd508B11a7733e,0.5078740157480315,15.2283133503937,3867.991591,254,11.545454545454545,1604.347428290975,0.07529174829798531
0x6DFa1367A8351ba6fd640F2dc3ED942bCC665612,0.46153846153846156,12.67329213846154,1647.527978,130,1.9696969696969697,-85.84542980440418,0.5194494988634694
0x4Dc23A432fb146D588f76BDfF993eAc84CC68b36,0.5026178010471204,26.642126685863875,5088.646197,191,6.586206896551724,12.07880077523402,0.49767539258103277
0xE4a8819c1a10F64ef6d8df7365844EAdC8d3516f,0.6607929515418502,3.954387665198238,897.646,227,227.0,293.882,0.0015814977973568282
0x374Eb455531b29B6aDe0B1dfE7F07F931FfcccE9,0.5026737967914439,10.743665989304812,2009.06554,187,12.466666666666667,-21.917386980000007,0.5537326203208556
0x67e7552029b79Ba3E982298a2507866b05A0bB0b,0.6910569105691057,12.439508227642277,1530.059512,123,2.46,-36.165820392486005,0.33223516730405883
0x5D2E31429f8f7683b37A007469b7147e35Ecbf19,0.5727848101265823,4.2985759493670885,1358.35,316,14.363636363636363,441.46858372,0.009566455696202533
0x897B6FB8be1E71F735638ea4fF89d72dE62d7c70,0.4644808743169399,106.51588550273225,19492.407047,183,6.310344827586207,2686.0818784967482,0.5303442291933622
0xa810Ba4c5159478298e905c083403cB0Ab1296bd,0.5426356589147286,3.5766751472868217,461.391094,129,64.5,152.98420939531468,0.15280591738963914
0x70219061B243652DaBe54A04d19c48b4A27c3fd8,0.42385786802030456,628.4032221903553,247590.869543,394,131.33333333333334,-2.6260436272409575,0.5103934060925691
0x1Ba135F39C25dCE089625E27Df5Ef7E600b84A15,0.640625,2.42625,621.12,256,51.2,22.560704,0.437203125
0xe8d9d4127b8A365c00953fEa384Fd8d82A02291b,0.6428571428571429,121.18451275396825,15269.248607,126,7.0,-133.0859859593933,0.32821223173617403
